id,release_year,rental_rate,replacement_cost,length,rating,special_features
"1","2006","6","0.99","86","20.99","PG","Deleted Scenes,Behind the Scenes"
"2","2006","3","4.99","48","12.99","G","Trailers,Deleted Scenes"
"3","2006","7","2.99","50","18.99","NC-17","Trailers,Deleted Scenes"
"4","2006","5","2.99","117","26.99","G","Commentaries,Behind the Scenes"
"5","2006","6","2.99","130","22.99","G","Deleted Scenes"
"6","2006","3","2.99","169","17.99","PG","Deleted Scenes"
"7","2006","6","4.99","62","28.99","PG-13","Trailers,Deleted Scenes"
"8","2006","6","4.99","54","15.99","R","Trailers"
"9","2006","3","2.99","114","21.99","PG-13","Trailers,Deleted Scenes"
"10","2006","6","4.99","63","24.99","NC-17","Trailers,Deleted Scenes"
"11","2006","6","0.99","126","16.99","G","Commentaries,Behind the Scenes"
"12","2006","6","0.99","136","22.99","PG","Commentaries,Deleted Scenes"
"13","2006","4","4.99","150","21.99","PG","Deleted Scenes,Behind the Scenes"
"14","2006","6","0.99","94","23.99","NC-17","Trailers,Deleted Scenes,Behind the Scenes"
"15","2006","5","2.99","46","10.99","NC-17","Trailers,Commentaries,Behind the Scenes"
"16","2006","6","2.99","180","23.99","NC-17","Trailers,Commentaries"
"17","2006","3","0.99","82","14.99","R","Trailers,Behind the Scenes"
"18","2006","6","0.99","57","27.99","PG-13","Trailers,Behind the Scenes"
"19","2006","6","0.99","113","20.99","PG","Commentaries,Deleted Scenes,Behind the Scenes"
"20","2006","4","4.99","79","23.99","R","Commentaries,Deleted Scenes,Behind the Scenes"
"21","2006","3","4.99","129","17.99","R","Commentaries,Behind the Scenes"
"22","2006","6","2.99","85","10.99","G","Commentaries,Behind the Scenes"
"23","2006","3","0.99","92","9.99","R","Trailers,Deleted Scenes"
"24","2006","6","2.99","181","19.99","R","Trailers,Behind the Scenes"
"25","2006","3","2.99","74","15.99","G","Trailers"
"26","2006","3","0.99","86","15.99","G","Commentaries,Deleted Scenes"
"27","2006","7","0.99","179","12.99","NC-17","Deleted Scenes,Behind the Scenes"
"28","2006","5","4.99","91","16.99","PG-13","Deleted Scenes,Behind the Scenes"
"29","2006","5","2.99","168","11.99","NC-17","Trailers,Commentaries,Deleted Scenes"
"30","2006","4","2.99","82","27.99","R","Trailers,Deleted Scenes,Behind the Scenes"
"31","2006","5","4.99","92","16.99","NC-17","Commentaries,Deleted Scenes,Behind the Scenes"
"32","2006","6","4.99","119","11.99","R","Trailers,Commentaries"
"33","2006","5","2.99","153","15.99","PG-13","Trailers,Commentaries,Deleted Scenes,Behind the Scenes"
"34","2006","6","0.99","62","29.99","NC-17","Commentaries,Deleted Scenes"
"35","2006","4","2.99","147","24.99","PG-13","Trailers,Deleted Scenes,Behind the Scenes"
"36","2006","7","0.99","127","12.99","PG-13","Trailers,Commentaries"
"37","2006","3","2.99","121","28.99","PG","Trailers,Deleted Scenes"
"38","2006","6","0.99","68","25.99","NC-17","Trailers,Commentaries,Deleted Scenes,Behind the Scenes"
"39","2006","5","0.99","99","10.99","G","Trailers"
"40","2006","4","0.99","148","22.99","R","Trailers,Commentaries"
"41","2006","4","0.99","137","17.99","PG","Trailers,Deleted Scenes,Behind the Scenes"
"42","2006","5","2.99","170","10.99","NC-17","Trailers,Behind the Scenes"
"43","2006","6","2.99","170","15.99","G","Behind the Scenes"
"44","2006","5","4.99","113","21.99","PG-13","Trailers,Behind the Scenes"
"45","2006","5","4.99","83","14.99","PG-13","Trailers,Behind the Scenes"
"46","2006","3","4.99","108","13.99","G","Trailers,Commentaries,Deleted Scenes,Behind the Scenes"
"47","2006","5","4.99","153","23.99","NC-17","Commentaries"
"48","2006","3","4.99","118","24.99","PG-13","Trailers,Behind the Scenes"
"49","2006","6","2.99","162","22.99","R","Trailers,Commentaries,Behind the Scenes"
"50","2006","3","2.99","182","20.99","G","Commentaries,Behind the Scenes"
"51","2006","5","2.99","75","10.99","NC-17","Deleted Scenes"
"52","2006","6","0.99","173","29.99","G","Commentaries,Deleted Scenes"
"53","2006","5","2.99","87","25.99","NC-17","Commentaries,Deleted Scenes,Behind the Scenes"
"54","2006","5","0.99","113","15.99","R","Trailers,Commentaries,Deleted Scenes"
"55","2006","6","2.99","65","27.99","G","Behind the Scenes"
"56","2006","6","2.99","129","15.99","G","Trailers,Commentaries"
"57","2006","4","2.99","90","18.99","PG-13","Deleted Scenes"
"58","2006","6","2.99","122","16.99","G","Deleted Scenes,Behind the Scenes"
"59","2006","4","2.99","160","20.99","R","Deleted Scenes"
"60","2006","3","4.99","89","22.99","R","Deleted Scenes,Behind the Scenes"
"61","2006","5","4.99","175","28.99","G","Trailers,Commentaries"
"62","2006","5","2.99","106","23.99","NC-17","Trailers,Commentaries,Deleted Scenes"
"63","2006","6","0.99","73","21.99","PG","Trailers,Deleted Scenes,Behind the Scenes"
"64","2006","6","0.99","151","26.99","PG-13","Commentaries,Behind the Scenes"
"65","2006","3","4.99","100","20.99","PG","Trailers,Deleted Scenes,Behind the Scenes"
"66","2006","6","0.99","53","27.99","NC-17","Commentaries,Deleted Scenes"
"67","2006","5","2.99","77","24.99","PG-13","Deleted Scenes"
"68","2006","5","4.99","122","26.99","NC-17","Commentaries,Deleted Scenes,Behind the Scenes"
"69","2006","3","2.99","85","21.99","R","Trailers"
"70","2006","7","4.99","142","26.99","NC-17","Commentaries,Deleted Scenes"
"71","2006","3","4.99","100","25.99","PG-13","Commentaries,Deleted Scenes,Behind the Scenes"
"72","2006","6","2.99","93","12.99","PG","Trailers,Commentaries"
"73","2006","5","2.99","150","22.99","PG-13","Trailers,Commentaries"
"74","2006","4","4.99","162","18.99","PG","Trailers,Commentaries,Deleted Scenes"
"75","2006","6","4.99","163","14.99","G","Commentaries,Behind the Scenes"
"76","2006","4","0.99","103","23.99","NC-17","Commentaries,Deleted Scenes,Behind the Scenes"
"77","2006","5","4.99","61","15.99","G","Trailers,Behind the Scenes"
"78","2006","7","2.99","85","12.99","PG","Trailers,Deleted Scenes"
"79","2006","5","0.99","114","10.99","PG-13","Trailers,Behind the Scenes"
"80","2006","7","2.99","148","21.99","G","Trailers"
"81","2006","6","4.99","103","29.99","PG-13","Trailers,Behind the Scenes"
"82","2006","3","0.99","71","13.99","G","Trailers,Commentaries,Behind the Scenes"
"83","2006","5","2.99","50","18.99","G","Trailers,Deleted Scenes,Behind the Scenes"
"84","2006","7","4.99","102","13.99","PG","Trailers,Commentaries"
"85","2006","4","0.99","63","29.99","G","Deleted Scenes"
"86","2006","6","4.99","121","11.99","R","Commentaries,Behind the Scenes"
"87","2006","7","0.99","76","14.99","NC-17","Behind the Scenes"
"88","2006","7","4.99","179","17.99","PG","Trailers,Commentaries,Deleted Scenes"
"89","2006","7","0.99","63","22.99","G","Commentaries,Deleted Scenes,Behind the Scenes"
"90","2006","3","0.99","63","11.99","R","Trailers"
"91","2006","5","0.99","98","17.99","PG","Behind the Scenes"
"92","2006","7","4.99","72","19.99","NC-17","Trailers,Deleted Scenes"
"93","2006","4","4.99","121","27.99","PG","Trailers"
"94","2006","7","2.99","176","14.99","PG-13","Trailers,Deleted Scenes"
"95","2006","5","4.99","123","18.99","G","Trailers,Commentaries,Deleted Scenes"
"96","2006","4","2.99","169","21.99","PG-13","Trailers,Commentaries"
"97","2006","7","0.99","56","24.99","G","Trailers,Commentaries,Behind the Scenes"
"98","2006","4","4.99","73","12.99","PG-13","Trailers"
"99","2006","7","2.99","136","14.99","PG","Trailers"
"100","2006","7","4.99","161","21.99","R","Commentaries"
"101","2006","3","0.99","73","26.99","R","Behind the Scenes"
"102","2006","4","4.99","60","20.99","R","Trailers,Commentaries,Deleted Scenes,Behind the Scenes"
"103","2006","7","4.99","133","27.99","PG","Commentaries,Deleted Scenes"
"104","2006","4","2.99","119","17.99","G","Commentaries"
"105","2006","6","0.99","125","21.99","NC-17","Deleted Scenes"
"106","2006","4","2.99","61","14.99","G","Trailers"
"107","2006","4","2.99","63","13.99","G","Behind the Scenes"
"108","2006","6","0.99","67","19.99","PG-13","Trailers,Commentaries,Deleted Scenes"
"109","2006","3","0.99","89","17.99","G","Behind the Scenes"
"110","2006","4","0.99","53","25.99","NC-17","Commentaries,Deleted Scenes"
"111","2006","3","0.99","52","17.99","NC-17","Commentaries,Deleted Scenes"
"112","2006","4","4.99","120","22.99","NC-17","Trailers,Commentaries,Behind the Scenes"
"113","2006","4","4.99","75","19.99","NC-17","Trailers,Commentaries,Deleted Scenes"
"114","2006","3","0.99","61","26.99","NC-17","Trailers,Commentaries,Deleted Scenes,Behind the Scenes"
"115","2006","5","2.99","167","27.99","R","Behind the Scenes"
"116","2006","4","2.99","70","10.99","R","Deleted Scenes,Behind the Scenes"
"117","2006","6","4.99","135","15.99","NC-17","Trailers,Deleted Scenes"
"118","2006","7","0.99","85","26.99","R","Trailers,Deleted Scenes"
"119","2006","6","0.99","176","22.99","G","Trailers,Commentaries,Deleted Scenes"
"120","2006","3","4.99","92","16.99","NC-17","Commentaries,Deleted Scenes"
"121","2006","4","2.99","151","15.99","PG","Trailers,Behind the Scenes"
"122","2006","7","0.99","114","11.99","PG","Trailers,Commentaries,Behind the Scenes"
"123","2006","6","4.99","85","22.99","G","Trailers,Deleted Scenes,Behind the Scenes"
"124","2006","3","4.99","163","16.99","PG-13","Trailers"
"125","2006","5","2.99","61","19.99","NC-17","Commentaries,Behind the Scenes"
"126","2006","3","4.99","179","16.99","G","Trailers"
"127","2006","5","4.99","112","14.99","G","Commentaries,Deleted Scenes"
"128","2006","7","0.99","183","10.99","G","Trailers,Behind the Scenes"
"129","2006","3","2.99","179","16.99","R","Commentaries,Deleted Scenes,Behind the Scenes"
"130","2006","7","0.99","110","24.99","PG-13","Deleted Scenes,Behind the Scenes"
"131","2006","5","4.99","152","12.99","PG","Deleted Scenes"
"132","2006","6","0.99","114","25.99","PG","Deleted Scenes,Behind the Scenes"
"133","2006","7","4.99","117","14.99","NC-17","Trailers"
"134","2006","4","4.99","51","21.99","PG","Trailers"
"135","2006","3","2.99","70","22.99","R","Commentaries,Deleted Scenes,Behind the Scenes"
"136","2006","7","2.99","146","26.99","NC-17","Behind the Scenes"
"137","2006","3","2.99","66","21.99","PG","Trailers,Deleted Scenes,Behind the Scenes"
"138","2006","5","2.99","71","29.99","R","Deleted Scenes,Behind the Scenes"
"139","2006","7","4.99","114","21.99","PG","Trailers,Commentaries"
"140","2006","6","0.99","87","23.99","G","Trailers,Commentaries,Behind the Scenes"
"141","2006","6","4.99","185","11.99","PG-13","Deleted Scenes,Behind the Scenes"
"142","2006","3","0.99","122","24.99","PG","Trailers,Commentaries,Deleted Scenes,Behind the Scenes"
"143","2006","6","0.99","142","17.99","PG","Trailers,Commentaries,Deleted Scenes"
"144","2006","7","4.99","61","24.99","PG","Trailers,Commentaries,Deleted Scenes"
"145","2006","5","4.99","124","25.99","G","Trailers,Commentaries,Behind the Scenes"
"146","2006","6","2.99","107","24.99","G","Commentaries"
"147","2006","5","0.99","101","16.99","NC-17","Commentaries,Behind the Scenes"
"148","2006","3","2.99","132","13.99","R","Trailers,Commentaries,Behind the Scenes"
"149","2006","7","0.99","150","21.99","NC-17","Trailers,Commentaries,Behind the Scenes"
"150","2006","7","2.99","101","9.99","PG","Behind the Scenes"
"151","2006","5","4.99","143","26.99","NC-17","Deleted Scenes"
"152","2006","5","2.99","90","13.99","PG-13","Trailers,Deleted Scenes,Behind the Scenes"
"153","2006","7","0.99","165","18.99","G","Commentaries,Deleted Scenes"
"154","2006","6","2.99","81","12.99","G","Commentaries,Deleted Scenes"
"155","2006","6","0.99","150","26.99","PG-13","Trailers,Deleted Scenes,Behind the Scenes"
"156","2006","3","4.99","164","15.99","G","Commentaries"
"157","2006","7","0.99","143","29.99","PG-13","Trailers,Commentaries,Deleted Scenes,Behind the Scenes"
"158","2006","6","2.99","124","16.99","R","Behind the Scenes"
"159","2006","5","4.99","58","12.99","R","Trailers,Behind the Scenes"
"160","2006","4","0.99","65","12.99","PG-13","Trailers,Deleted Scenes"
"161","2006","6","4.99","70","27.99","NC-17","Trailers,Commentaries,Behind the Scenes"
"162","2006","4","2.99","95","13.99","R","Trailers,Deleted Scenes,Behind the Scenes"
"163","2006","4","0.99","139","29.99","PG-13","Commentaries,Deleted Scenes,Behind the Scenes"
"164","2006","4","0.99","55","20.99","PG","Trailers,Commentaries,Deleted Scenes,Behind the Scenes"
"165","2006","7","4.99","70","27.99","G","Trailers,Deleted Scenes"
"166","2006","6","2.99","149","19.99","G","Commentaries,Behind the Scenes"
"167","2006","6","4.99","109","10.99","NC-17","Commentaries"
"168","2006","5","0.99","67","23.99","R","Trailers,Behind the Scenes"
"169","2006","3","2.99","76","19.99","NC-17","Commentaries,Behind the Scenes"
"170","2006","5","4.99","120","28.99","PG-13","Behind the Scenes"
"171","2006","6","4.99","59","13.99","R","Trailers,Commentaries,Deleted Scenes"
"172","2006","7","4.99","112","12.99","NC-17","Deleted Scenes,Behind the Scenes"
"173","2006","7","4.99","65","25.99","PG-13","Behind the Scenes"
"174","2006","6","4.99","180","13.99","NC-17","Commentaries"
"175","2006","3","2.99","122","27.99","PG-13","Trailers,Commentaries,Deleted Scenes,Behind the Scenes"
"176","2006","6","0.99","87","21.99","PG-13","Commentaries,Behind the Scenes"
"177","2006","4","4.99","172","20.99","R","Commentaries,Deleted Scenes"
"178","2006","6","0.99","115","25.99","G","Deleted Scenes,Behind the Scenes"
"179","2006","4","4.99","173","14.99","G","Commentaries,Deleted Scenes,Behind the Scenes"
"180","2006","4","2.99","184","27.99","PG-13","Trailers,Commentaries"
"181","2006","7","2.99","166","10.99","PG-13","Commentaries"
"182","2006","7","4.99","185","9.99","G","Commentaries"
"183","2006","4","4.99","112","14.99","R","Commentaries"
"184","2006","3","2.99","92","24.99","PG-13","Deleted Scenes"
"185","2006","3","2.99","146","10.99","PG","Commentaries,Deleted Scenes,Behind the Scenes"
"186","2006","6","0.99","64","17.99","NC-17","Deleted Scenes,Behind the Scenes"
"187","2006","5","2.99","57","12.99","NC-17","Commentaries"
"188","2006","7","2.99","136","24.99","PG","Commentaries,Deleted Scenes"
"189","2006","3","0.99","139","23.99","NC-17","Trailers,Deleted Scenes"
"190","2006","5","4.99","172","23.99","NC-17","Trailers,Behind the Scenes"
"191","2006","6","0.99","143","27.99","PG-13","Commentaries,Deleted Scenes,Behind the Scenes"
"192","2006","4","4.99","50","19.99","R","Commentaries,Deleted Scenes,Behind the Scenes"
"193","2006","5","2.99","153","20.99","G","Trailers,Commentaries,Behind the Scenes"
"194","2006","6","0.99","104","22.99","PG","Trailers,Commentaries,Behind the Scenes"
"195","2006","3","4.99","112","16.99","R","Trailers,Behind the Scenes"
"196","2006","7","0.99","69","29.99","G","Deleted Scenes,Behind the Scenes"
"197","2006","4","2.99","112","27.99","R","Commentaries"
"198","2006","6","2.99","184","22.99","NC-17","Trailers,Commentaries"
"199","2006","4","2.99","56","29.99","R","Behind the Scenes"
"200","2006","7","0.99","133","27.99","PG-13","Trailers,Commentaries,Deleted Scenes,Behind the Scenes"
"201","2006","7","2.99","176","18.99","PG","Trailers,Deleted Scenes"
"202","2006","5","4.99","161","26.99","G","Deleted Scenes,Behind the Scenes"
"203","2006","5","4.99","84","9.99","G","Trailers,Commentaries,Behind the Scenes"
"204","2006","4","0.99","106","25.99","PG","Trailers,Commentaries,Deleted Scenes"
"205","2006","3","0.99","58","22.99","NC-17","Trailers,Commentaries,Deleted Scenes,Behind the Scenes"
"206","2006","6","0.99","144","25.99","G","Commentaries,Behind the Scenes"
"207","2006","7","4.99","121","26.99","PG","Commentaries"
"208","2006","7","2.99","89","16.99","PG-13","Commentaries,Behind the Scenes"
"209","2006","6","2.99","99","24.99","NC-17","Deleted Scenes,Behind the Scenes"
"210","2006","3","4.99","130","13.99","NC-17","Trailers,Commentaries,Deleted Scenes,Behind the Scenes"
"211","2006","7","4.99","165","20.99","PG-13","Commentaries,Behind the Scenes"
"212","2006","7","4.99","185","14.99","G","Deleted Scenes"
"213","2006","4","0.99","104","19.99","R","Commentaries"
"214","2006","3","4.99","59","13.99","PG-13","Trailers"
"215","2006","4","4.99","57","27.99","PG","Trailers,Deleted Scenes,Behind the Scenes"
"216","2006","3","4.99","113","16.99","G","Trailers,Commentaries,Deleted Scenes,Behind the Scenes"
"217","2006","6","4.99","120","20.99","G","Commentaries,Deleted Scenes"
"218","2006","7","0.99","122","22.99","NC-17","Trailers,Commentaries,Deleted Scenes,Behind the Scenes"
"219","2006","6","4.99","51","20.99","PG-13","Commentaries,Behind the Scenes"
"220","2006","7","2.99","106","13.99","NC-17","Deleted Scenes"
"221","2006","4","0.99","100","9.99","R","Deleted Scenes"
"222","2006","4","4.99","64","27.99","R","Trailers,Behind the Scenes"
"223","2006","7","2.99","76","24.99","NC-17","Deleted Scenes"
"224","2006","7","4.99","81","29.99","G","Deleted Scenes"
"225","2006","3","0.99","76","19.99","PG-13","Trailers,Commentaries,Behind the Scenes"
"226","2006","4","4.99","56","20.99","G","Trailers,Commentaries,Behind the Scenes"
"227","2006","4","4.99","88","17.99","R","Commentaries,Deleted Scenes"
"228","2006","4","0.99","143","16.99","PG-13","Trailers,Commentaries,Behind the Scenes"
"229","2006","6","4.99","87","12.99","R","Trailers,Behind the Scenes"
"230","2006","7","2.99","107","20.99","G","Commentaries,Behind the Scenes"
"231","2006","7","2.99","63","27.99","R","Trailers,Behind the Scenes"
"232","2006","7","2.99","147","29.99","NC-17","Commentaries,Deleted Scenes,Behind the Scenes"
"233","2006","3","0.99","141","17.99","PG","Trailers,Deleted Scenes,Behind the Scenes"
"234","2006","6","2.99","94","27.99","R","Trailers,Behind the Scenes"
"235","2006","6","2.99","68","13.99","PG-13","Trailers,Commentaries"
"236","2006","4","2.99","100","19.99","R","Trailers,Commentaries"
"237","2006","3","2.99","47","21.99","G","Trailers,Commentaries,Deleted Scenes"
"238","2006","4","2.99","57","29.99","G","Trailers,Commentaries,Behind the Scenes"
"239","2006","5","4.99","122","16.99","G","Commentaries"
"240","2006","7","2.99","120","10.99","PG-13","Commentaries,Deleted Scenes"
"241","2006","4","0.99","125","20.99","NC-17","Trailers,Commentaries,Behind the Scenes"
"242","2006","4","0.99","68","13.99","R","Trailers,Commentaries"
"243","2006","3","4.99","49","22.99","NC-17","Trailers,Commentaries,Deleted Scenes,Behind the Scenes"
"244","2006","5","4.99","139","26.99","NC-17","Commentaries"
"245","2006","4","0.99","177","28.99","R","Trailers,Deleted Scenes,Behind the Scenes"
"246","2006","5","4.99","154","16.99","R","Deleted Scenes,Behind the Scenes"
"247","2006","3","0.99","47","19.99","G","Trailers,Commentaries,Deleted Scenes"
"248","2006","6","4.99","177","20.99","NC-17","Commentaries,Deleted Scenes,Behind the Scenes"
"249","2006","7","0.99","176","26.99","G","Commentaries"
"250","2006","4","0.99","170","26.99","NC-17","Deleted Scenes,Behind the Scenes"
"251","2006","6","4.99","133","19.99","NC-17","Trailers,Behind the Scenes"
"252","2006","6","2.99","135","18.99","PG","Trailers,Commentaries,Behind the Scenes"
"253","2006","5","4.99","61","18.99","PG-13","Trailers,Behind the Scenes"
"254","2006","4","2.99","159","11.99","PG-13","Trailers,Deleted Scenes,Behind the Scenes"
"255","2006","6","4.99","175","21.99","NC-17","Trailers,Deleted Scenes"
"256","2006","6","4.99","178","20.99","R","Trailers,Commentaries"
"257","2006","3","0.99","110","14.99","G","Commentaries,Deleted Scenes,Behind the Scenes"
"258","2006","6","0.99","96","11.99","PG","Trailers"
"259","2006","4","2.99","116","15.99","NC-17","Behind the Scenes"
"260","2006","3","4.99","132","9.99","G","Trailers,Deleted Scenes"
"261","2006","5","0.99","171","13.99","G","Commentaries"
"262","2006","5","0.99","119","17.99","NC-17","Behind the Scenes"
"263","2006","6","4.99","154","14.99","R","Trailers,Commentaries"
"264","2006","6","2.99","101","13.99","G","Commentaries,Deleted Scenes"
"265","2006","5","4.99","168","28.99","PG","Behind the Scenes"
"266","2006","4","0.99","141","27.99","PG-13","Deleted Scenes"
"267","2006","4","4.99","140","14.99","NC-17","Trailers,Commentaries,Behind the Scenes"
"268","2006","6","4.99","96","27.99","NC-17","Trailers,Commentaries,Behind the Scenes"
"269","2006","3","0.99","98","22.99","R","Behind the Scenes"
"270","2006","7","0.99","85","29.99","NC-17","Trailers,Commentaries,Deleted Scenes"
"271","2006","5","4.99","148","12.99","G","Trailers,Commentaries,Behind the Scenes"
"272","2006","5","4.99","153","9.99","NC-17","Deleted Scenes"
"273","2006","6","0.99","107","14.99","PG","Commentaries"
"274","2006","4","2.99","67","20.99","PG","Commentaries,Behind the Scenes"
"275","2006","3","0.99","85","11.99","PG","Commentaries,Deleted Scenes,Behind the Scenes"
"276","2006","6","4.99","115","28.99","NC-17","Commentaries,Behind the Scenes"
"277","2006","4","4.99","126","24.99","PG-13","Behind the Scenes"
"278","2006","4","4.99","155","19.99","NC-17","Trailers,Commentaries,Behind the Scenes"
"279","2006","7","4.99","152","11.99","NC-17","Trailers,Deleted Scenes,Behind the Scenes"
"280","2006","7","0.99","177","26.99","G","Deleted Scenes"
"281","2006","6","0.99","143","9.99","G","Trailers,Behind the Scenes"
"282","2006","5","0.99","92","20.99","NC-17","Trailers"
"283","2006","6","0.99","85","10.99","NC-17","Commentaries,Behind the Scenes"
"284","2006","5","4.99","77","23.99","NC-17","Trailers"
"285","2006","3","0.99","51","18.99","PG-13","Deleted Scenes"
"286","2006","7","2.99","158","16.99","NC-17","Commentaries"
"287","2006","5","0.99","176","19.99","R","Commentaries,Deleted Scenes,Behind the Scenes"
"288","2006","7","2.99","167","20.99","R","Trailers"
"289","2006","5","4.99","66","25.99","G","Trailers,Commentaries,Deleted Scenes"
"290","2006","4","0.99","163","29.99","PG","Trailers,Commentaries"
"291","2006","5","0.99","174","10.99","PG-13","Behind the Scenes"
"292","2006","3","0.99","51","20.99","G","Commentaries"
"293","2006","6","2.99","167","17.99","G","Commentaries,Deleted Scenes,Behind the Scenes"
"294","2006","5","4.99","138","26.99","PG-13","Deleted Scenes"
"295","2006","3","0.99","97","14.99","PG","Trailers,Behind the Scenes"
"296","2006","5","2.99","178","23.99","R","Trailers"
"297","2006","6","2.99","122","29.99","G","Trailers,Commentaries,Deleted Scenes"
"298","2006","4","2.99","172","13.99","PG-13","Trailers,Commentaries"
"299","2006","4","0.99","144","9.99","PG-13","Trailers,Commentaries,Deleted Scenes"
"300","2006","5","4.99","102","21.99","PG-13","Commentaries,Behind the Scenes"
"301","2006","4","0.99","155","24.99","R","Trailers"
"302","2006","5","2.99","131","29.99","G","Commentaries"
"303","2006","6","0.99","58","27.99","PG-13","Behind the Scenes"
"304","2006","3","2.99","130","28.99","G","Deleted Scenes"
"305","2006","6","2.99","91","24.99","PG","Trailers,Behind the Scenes"
"306","2006","3","0.99","104","12.99","PG-13","Trailers,Deleted Scenes"
"307","2006","6","4.99","77","9.99","NC-17","Deleted Scenes,Behind the Scenes"
"308","2006","3","2.99","142","13.99","PG","Trailers,Deleted Scenes,Behind the Scenes"
"309","2006","6","0.99","98","29.99","R","Trailers,Commentaries,Deleted Scenes,Behind the Scenes"
"310","2006","5","4.99","158","20.99","R","Commentaries,Deleted Scenes"
"311","2006","4","0.99","72","14.99","PG","Trailers,Commentaries,Deleted Scenes,Behind the Scenes"
"312","2006","4","4.99","75","20.99","R","Deleted Scenes,Behind the Scenes"
"313","2006","5","4.99","118","11.99","G","Trailers,Deleted Scenes,Behind the Scenes"
"314","2006","3","0.99","91","13.99","R","Trailers,Commentaries,Deleted Scenes,Behind the Scenes"
"315","2006","4","0.99","156","10.99","R","Trailers,Commentaries"
"316","2006","5","4.99","173","18.99","R","Trailers"
"317","2006","4","0.99","148","25.99","PG","Trailers,Commentaries,Behind the Scenes"
"318","2006","7","0.99","103","14.99","G","Commentaries,Deleted Scenes"
"319","2006","4","2.99","125","22.99","R","Trailers,Deleted Scenes,Behind the Scenes"
"320","2006","4","4.99","80","28.99","PG-13","Trailers"
"321","2006","3","4.99","123","21.99","NC-17","Trailers,Commentaries,Behind the Scenes"
"322","2006","5","2.99","100","29.99","G","Trailers,Commentaries,Deleted Scenes"
"323","2006","7","4.99","179","22.99","R","Trailers"
"324","2006","3","4.99","148","11.99","PG-13","Trailers,Commentaries,Deleted Scenes,Behind the Scenes"
"325","2006","6","2.99","145","29.99","PG-13","Trailers,Commentaries,Behind the Scenes"
"326","2006","6","2.99","69","18.99","NC-17","Trailers,Commentaries,Behind the Scenes"
"327","2006","3","4.99","158","24.99","PG","Trailers,Commentaries"
"328","2006","7","2.99","131","28.99","NC-17","Commentaries,Deleted Scenes,Behind the Scenes"
"329","2006","4","2.99","63","15.99","R","Commentaries"
"330","2006","7","4.99","112","22.99","NC-17","Trailers,Behind the Scenes"
"331","2006","6","2.99","90","25.99","NC-17","Trailers,Commentaries,Behind the Scenes"
"332","2006","7","0.99","159","16.99","NC-17","Deleted Scenes,Behind the Scenes"
"333","2006","7","2.99","126","16.99","R","Trailers,Behind the Scenes"
"334","2006","6","4.99","65","21.99","NC-17","Trailers,Commentaries,Behind the Scenes"
"335","2006","5","0.99","133","23.99","PG-13","Trailers,Commentaries,Behind the Scenes"
"336","2006","5","4.99","99","22.99","PG","Behind the Scenes"
"337","2006","6","2.99","73","11.99","R","Trailers,Deleted Scenes"
"338","2006","6","4.99","51","23.99","PG","Commentaries,Deleted Scenes,Behind the Scenes"
"339","2006","5","0.99","111","17.99","R","Trailers,Deleted Scenes,Behind the Scenes"
"340","2006","6","4.99","183","14.99","PG-13","Commentaries,Deleted Scenes"
"341","2006","5","0.99","82","13.99","PG","Trailers,Deleted Scenes"
"342","2006","7","4.99","83","28.99","R","Trailers,Commentaries,Deleted Scenes"
"343","2006","6","2.99","94","14.99","PG","Trailers,Deleted Scenes"
"344","2006","3","0.99","178","28.99","PG-13","Deleted Scenes"
"345","2006","3","0.99","161","17.99","PG","Trailers,Commentaries"
"346","2006","4","4.99","128","13.99","R","Deleted Scenes"
"347","2006","7","4.99","119","17.99","PG-13","Behind the Scenes"
"348","2006","7","0.99","86","9.99","PG-13","Trailers"
"349","2006","4","2.99","185","27.99","PG-13","Behind the Scenes"
"350","2006","3","4.99","80","21.99","G","Trailers,Behind the Scenes"
"351","2006","4","2.99","106","10.99","PG","Trailers,Deleted Scenes"
"352","2006","4","0.99","176","22.99","PG-13","Commentaries,Behind the Scenes"
"353","2006","6","2.99","125","22.99","NC-17","Commentaries,Deleted Scenes"
"354","2006","6","4.99","85","18.99","G","Trailers,Commentaries,Deleted Scenes,Behind the Scenes"
"355","2006","7","0.99","101","18.99","R","Trailers,Deleted Scenes,Behind the Scenes"
"356","2006","5","2.99","102","10.99","R","Trailers,Commentaries"
"357","2006","7","0.99","114","13.99","G","Trailers,Commentaries"
"358","2006","5","0.99","163","29.99","R","Trailers,Behind the Scenes"
"359","2006","6","4.99","173","20.99","PG","Commentaries,Deleted Scenes"
"360","2006","4","0.99","103","24.99","G","Trailers"
"361","2006","5","2.99","89","25.99","NC-17","Trailers,Commentaries"
"362","2006","7","2.99","115","13.99","PG-13","Trailers,Commentaries,Behind the Scenes"
"363","2006","3","0.99","54","12.99","R","Trailers"
"364","2006","3","2.99","73","14.99","NC-17","Trailers"
"365","2006","4","4.99","154","21.99","R","Trailers,Commentaries,Deleted Scenes,Behind the Scenes"
"366","2006","3","0.99","93","29.99","G","Trailers,Commentaries,Behind the Scenes"
"367","2006","6","0.99","153","20.99","R","Trailers,Behind the Scenes"
"368","2006","7","2.99","84","20.99","R","Deleted Scenes,Behind the Scenes"
"369","2006","4","4.99","56","22.99","PG","Deleted Scenes"
"370","2006","4","2.99","108","26.99","R","Deleted Scenes,Behind the Scenes"
"371","2006","5","4.99","129","17.99","G","Commentaries"
"372","2006","5","4.99","140","26.99","R","Trailers,Commentaries"
"373","2006","7","2.99","156","14.99","G","Trailers,Behind the Scenes"
"374","2006","3","0.99","117","29.99","PG","Trailers,Deleted Scenes"
"375","2006","4","2.99","85","17.99","NC-17","Commentaries,Deleted Scenes,Behind the Scenes"
"376","2006","4","0.99","155","20.99","G","Commentaries,Behind the Scenes"
"377","2006","7","0.99","135","20.99","G","Trailers,Deleted Scenes"
"378","2006","5","2.99","93","24.99","NC-17","Trailers,Commentaries,Behind the Scenes"
"379","2006","7","0.99","166","14.99","R","Trailers,Commentaries,Deleted Scenes"
"380","2006","7","2.99","176","11.99","PG","Trailers,Deleted Scenes"
"381","2006","7","4.99","150","25.99","R","Trailers"
"382","2006","3","0.99","137","21.99","PG","Trailers,Deleted Scenes"
"383","2006","6","0.99","111","13.99","NC-17","Behind the Scenes"
"384","2006","5","4.99","49","19.99","R","Behind the Scenes"
"385","2006","6","4.99","139","26.99","PG-13","Trailers,Commentaries,Deleted Scenes,Behind the Scenes"
"386","2006","3","4.99","53","12.99","NC-17","Deleted Scenes"
"387","2006","7","0.99","100","27.99","G","Behind the Scenes"
"388","2006","5","0.99","70","16.99","NC-17","Deleted Scenes,Behind the Scenes"
"389","2006","3","2.99","127","9.99","PG-13","Trailers,Commentaries"
"390","2006","4","4.99","84","20.99","R","Trailers,Commentaries,Behind the Scenes"
"391","2006","6","2.99","146","25.99","PG-13","Trailers,Commentaries,Deleted Scenes,Behind the Scenes"
"392","2006","5","4.99","51","13.99","NC-17","Commentaries,Behind the Scenes"
"393","2006","6","2.99","47","19.99","PG-13","Deleted Scenes"
"394","2006","7","2.99","146","21.99","R","Trailers,Deleted Scenes"
"395","2006","4","0.99","108","28.99","R","Commentaries,Deleted Scenes,Behind the Scenes"
"396","2006","5","4.99","62","18.99","G","Trailers,Commentaries,Deleted Scenes"
"397","2006","5","2.99","107","26.99","NC-17","Trailers,Commentaries,Deleted Scenes"
"398","2006","5","4.99","47","21.99","NC-17","Commentaries,Deleted Scenes,Behind the Scenes"
"399","2006","6","2.99","100","23.99","G","Deleted Scenes"
"400","2006","7","2.99","72","15.99","R","Trailers,Behind the Scenes"
"401","2006","6","0.99","168","10.99","NC-17","Commentaries,Deleted Scenes,Behind the Scenes"
"402","2006","3","0.99","52","15.99","G","Trailers"
"403","2006","5","4.99","121","18.99","PG-13","Commentaries,Deleted Scenes"
"404","2006","4","0.99","107","26.99","PG","Trailers,Commentaries,Behind the Scenes"
"405","2006","6","4.99","76","13.99","NC-17","Trailers,Deleted Scenes"
"406","2006","5","0.99","181","22.99","R","Behind the Scenes"
"407","2006","5","0.99","47","12.99","PG-13","Behind the Scenes"
"408","2006","4","4.99","69","28.99","R","Trailers,Commentaries"
"409","2006","3","4.99","59","9.99","G","Trailers,Deleted Scenes"
"410","2006","7","2.99","48","19.99","PG","Commentaries"
"411","2006","5","4.99","49","13.99","NC-17","Behind the Scenes"
"412","2006","6","4.99","102","25.99","G","Deleted Scenes"
"413","2006","7","2.99","169","16.99","NC-17","Trailers,Commentaries,Behind the Scenes"
"414","2006","3","2.99","75","23.99","PG","Deleted Scenes,Behind the Scenes"
"415","2006","3","2.99","84","23.99","R","Trailers,Commentaries,Behind the Scenes"
"416","2006","6","0.99","110","10.99","R","Deleted Scenes"
"417","2006","5","0.99","93","29.99","G","Trailers,Commentaries,Deleted Scenes,Behind the Scenes"
"418","2006","5","0.99","157","27.99","PG-13","Commentaries"
"419","2006","4","2.99","141","19.99","G","Trailers,Deleted Scenes,Behind the Scenes"
"420","2006","7","4.99","128","27.99","PG","Commentaries,Behind the Scenes"
"421","2006","7","4.99","78","10.99","PG-13","Trailers,Commentaries,Behind the Scenes"
"422","2006","7","4.99","136","25.99","NC-17","Behind the Scenes"
"423","2006","7","0.99","69","29.99","PG","Trailers,Behind the Scenes"
"424","2006","6","0.99","149","12.99","R","Deleted Scenes"
"425","2006","6","0.99","88","20.99","R","Behind the Scenes"
"426","2006","7","4.99","185","15.99","R","Trailers,Commentaries,Behind the Scenes"
"427","2006","5","0.99","103","19.99","R","Trailers"
"428","2006","6","2.99","141","21.99","PG-13","Commentaries"
"429","2006","3","0.99","84","29.99","R","Trailers,Commentaries,Deleted Scenes"
"430","2006","7","0.99","49","23.99","G","Trailers,Commentaries,Behind the Scenes"
"431","2006","3","2.99","176","12.99","G","Trailers,Commentaries,Deleted Scenes"
"432","2006","4","2.99","139","22.99","NC-17","Trailers,Deleted Scenes,Behind the Scenes"
"433","2006","4","2.99","95","23.99","PG","Trailers"
"434","2006","3","0.99","139","25.99","R","Deleted Scenes,Behind the Scenes"
"435","2006","6","4.99","181","28.99","PG-13","Behind the Scenes"
"436","2006","4","0.99","122","14.99","NC-17","Trailers,Deleted Scenes"
"437","2006","7","2.99","109","13.99","R","Commentaries,Deleted Scenes,Behind the Scenes"
"438","2006","3","2.99","68","22.99","NC-17","Trailers,Behind the Scenes"
"439","2006","4","4.99","151","28.99","PG-13","Trailers,Deleted Scenes"
"440","2006","6","0.99","105","21.99","G","Deleted Scenes,Behind the Scenes"
"441","2006","5","2.99","125","21.99","PG-13","Commentaries,Deleted Scenes,Behind the Scenes"
"442","2006","6","2.99","65","24.99","NC-17","Trailers,Deleted Scenes"
"443","2006","6","2.99","49","11.99","PG","Trailers,Commentaries,Behind the Scenes"
"444","2006","3","4.99","83","22.99","NC-17","Trailers,Commentaries,Behind the Scenes"
"445","2006","5","2.99","100","11.99","G","Trailers,Deleted Scenes"
"446","2006","5","4.99","150","19.99","PG","Trailers,Commentaries,Deleted Scenes"
"447","2006","5","2.99","131","28.99","R","Deleted Scenes"
"448","2006","3","2.99","172","25.99","PG-13","Trailers,Commentaries,Deleted Scenes,Behind the Scenes"
"449","2006","4","2.99","119","12.99","PG-13","Deleted Scenes"
"450","2006","5","2.99","84","29.99","NC-17","Trailers"
"451","2006","7","4.99","160","12.99","NC-17","Trailers,Behind the Scenes"
"452","2006","4","0.99","122","15.99","R","Commentaries,Behind the Scenes"
"453","2006","3","2.99","178","17.99","PG-13","Trailers,Commentaries,Deleted Scenes"
"454","2006","6","0.99","180","20.99","PG-13","Trailers,Deleted Scenes"
"455","2006","7","4.99","103","11.99","NC-17","Deleted Scenes"
"456","2006","6","4.99","167","18.99","NC-17","Deleted Scenes"
"457","2006","5","0.99","157","21.99","NC-17","Trailers,Behind the Scenes"
"458","2006","4","0.99","135","26.99","NC-17","Trailers,Commentaries,Deleted Scenes,Behind the Scenes"
"459","2006","4","4.99","74","23.99","NC-17","Trailers,Commentaries"
"460","2006","3","4.99","178","26.99","PG-13","Trailers,Deleted Scenes,Behind the Scenes"
"461","2006","3","0.99","123","14.99","NC-17","Trailers,Commentaries,Behind the Scenes"
"462","2006","5","2.99","78","17.99","NC-17","Commentaries"
"463","2006","4","2.99","116","21.99","PG","Commentaries,Deleted Scenes"
"464","2006","3","2.99","107","13.99","PG-13","Trailers,Behind the Scenes"
"465","2006","4","4.99","59","17.99","R","Commentaries,Behind the Scenes"
"466","2006","6","4.99","63","20.99","PG-13","Commentaries,Behind the Scenes"
"467","2006","6","0.99","181","10.99","G","Deleted Scenes"
"468","2006","5","2.99","97","12.99","PG","Trailers,Deleted Scenes"
"469","2006","7","4.99","46","27.99","PG","Commentaries,Behind the Scenes"
"470","2006","4","4.99","79","24.99","R","Trailers,Commentaries,Deleted Scenes"
"471","2006","7","2.99","84","23.99","NC-17","Trailers,Commentaries"
"472","2006","3","4.99","174","24.99","G","Trailers,Commentaries,Deleted Scenes"
"473","2006","5","2.99","181","16.99","PG-13","Trailers,Deleted Scenes,Behind the Scenes"
"474","2006","6","2.99","174","21.99","NC-17","Trailers,Commentaries,Behind the Scenes"
"475","2006","6","0.99","135","29.99","G","Deleted Scenes"
"476","2006","5","2.99","130","9.99","NC-17","Trailers,Deleted Scenes,Behind the Scenes"
"477","2006","5","0.99","118","15.99","PG","Trailers,Behind the Scenes"
"478","2006","4","2.99","112","10.99","G","Deleted Scenes"
"479","2006","7","0.99","128","12.99","PG","Trailers,Commentaries,Deleted Scenes"
"480","2006","3","2.99","84","29.99","R","Trailers,Commentaries,Deleted Scenes"
"481","2006","4","2.99","58","22.99","PG","Commentaries,Deleted Scenes,Behind the Scenes"
"482","2006","3","0.99","102","12.99","R","Trailers,Commentaries"
"483","2006","3","2.99","171","29.99","NC-17","Commentaries"
"484","2006","3","2.99","172","13.99","NC-17","Trailers,Commentaries,Deleted Scenes,Behind the Scenes"
"485","2006","6","4.99","60","16.99","PG","Deleted Scenes,Behind the Scenes"
"486","2006","7","4.99","59","14.99","R","Trailers,Commentaries,Behind the Scenes"
"487","2006","6","4.99","124","29.99","PG-13","Trailers,Commentaries"
"488","2006","3","0.99","105","23.99","NC-17","Trailers,Commentaries,Behind the Scenes"
"489","2006","4","0.99","54","14.99","PG-13","Trailers,Commentaries"
"490","2006","4","2.99","121","13.99","G","Commentaries,Behind the Scenes"
"491","2006","4","0.99","74","18.99","NC-17","Commentaries,Behind the Scenes"
"492","2006","6","0.99","134","11.99","NC-17","Trailers,Commentaries,Deleted Scenes"
"493","2006","5","0.99","92","18.99","R","Trailers,Commentaries"
"494","2006","4","0.99","120","21.99","PG-13","Behind the Scenes"
"495","2006","5","2.99","169","10.99","PG","Trailers,Commentaries,Deleted Scenes,Behind the Scenes"
"496","2006","3","0.99","179","10.99","PG-13","Trailers,Commentaries,Deleted Scenes"
"497","2006","4","0.99","54","15.99","G","Trailers,Commentaries"
"498","2006","7","2.99","161","11.99","R","Trailers,Commentaries,Deleted Scenes"
"499","2006","3","4.99","184","24.99","NC-17","Trailers,Deleted Scenes,Behind the Scenes"
"500","2006","5","4.99","163","11.99","PG-13","Trailers,Commentaries,Behind the Scenes"
"501","2006","3","4.99","141","9.99","R","Trailers"
"502","2006","4","2.99","71","21.99","PG-13","Trailers"
"503","2006","3","2.99","171","24.99","R","Trailers"
"504","2006","5","0.99","46","25.99","PG-13","Trailers,Commentaries"
"505","2006","6","2.99","46","24.99","PG-13","Commentaries,Behind the Scenes"
"506","2006","4","4.99","67","14.99","PG","Trailers,Deleted Scenes,Behind the Scenes"
"507","2006","4","0.99","113","13.99","NC-17","Deleted Scenes"
"508","2006","6","4.99","144","18.99","PG-13","Trailers,Behind the Scenes"
"509","2006","5","0.99","78","26.99","NC-17","Trailers,Deleted Scenes"
"510","2006","6","4.99","181","29.99","G","Deleted Scenes,Behind the Scenes"
"511","2006","7","0.99","175","23.99","NC-17","Commentaries,Deleted Scenes,Behind the Scenes"
"512","2006","5","4.99","110","25.99","PG-13","Trailers"
"513","2006","6","2.99","153","21.99","PG-13","Trailers,Commentaries,Behind the Scenes"
"514","2006","6","2.99","69","17.99","PG-13","Commentaries,Deleted Scenes"
"515","2006","7","4.99","113","14.99","PG","Trailers,Commentaries,Behind the Scenes"
"516","2006","7","0.99","59","18.99","PG","Commentaries,Deleted Scenes"
"517","2006","3","0.99","167","28.99","NC-17","Deleted Scenes,Behind the Scenes"
"518","2006","5","4.99","140","15.99","PG","Commentaries,Behind the Scenes"
"519","2006","3","2.99","138","27.99","G","Commentaries,Deleted Scenes,Behind the Scenes"
"520","2006","7","2.99","91","28.99","NC-17","Deleted Scenes,Behind the Scenes"
"521","2006","7","4.99","147","28.99","NC-17","Commentaries,Deleted Scenes,Behind the Scenes"
"522","2006","4","2.99","137","9.99","NC-17","Commentaries,Deleted Scenes"
"523","2006","7","0.99","174","21.99","R","Commentaries"
"524","2006","6","0.99","50","13.99","PG","Trailers,Deleted Scenes"
"525","2006","4","0.99","140","29.99","R","Deleted Scenes"
"526","2006","7","2.99","120","10.99","R","Trailers,Commentaries"
"527","2006","4","4.99","85","24.99","PG","Trailers,Commentaries"
"528","2006","4","2.99","155","25.99","NC-17","Trailers,Deleted Scenes"
"529","2006","3","2.99","67","12.99","G","Trailers,Commentaries,Deleted Scenes,Behind the Scenes"
"530","2006","5","2.99","108","27.99","PG-13","Trailers"
"531","2006","3","0.99","137","18.99","R","Trailers,Commentaries"
"532","2006","5","4.99","80","28.99","PG","Deleted Scenes,Behind the Scenes"
"533","2006","4","2.99","98","21.99","PG-13","Deleted Scenes"
"534","2006","5","0.99","70","18.99","PG-13","Trailers"
"535","2006","6","0.99","181","21.99","R","Trailers,Behind the Scenes"
"536","2006","3","2.99","65","18.99","PG","Trailers,Behind the Scenes"
"537","2006","3","2.99","75","29.99","G","Trailers"
"538","2006","7","0.99","162","19.99","PG-13","Trailers,Behind the Scenes"
"539","2006","7","2.99","152","21.99","NC-17","Trailers,Commentaries,Behind the Scenes"
"540","2006","7","2.99","97","10.99","PG-13","Trailers,Commentaries,Behind the Scenes"
"541","2006","5","2.99","74","21.99","NC-17","Trailers,Behind the Scenes"
"542","2006","3","2.99","52","28.99","G","Trailers,Commentaries,Behind the Scenes"
"543","2006","5","4.99","116","20.99","R","Deleted Scenes,Behind the Scenes"
"544","2006","4","2.99","147","11.99","R","Commentaries,Deleted Scenes,Behind the Scenes"
"545","2006","4","0.99","178","14.99","PG-13","Trailers"
"546","2006","7","2.99","98","27.99","PG-13","Trailers,Commentaries,Deleted Scenes"
"547","2006","3","0.99","117","19.99","PG","Trailers,Commentaries"
"548","2006","3","2.99","53","27.99","R","Commentaries,Deleted Scenes"
"549","2006","4","0.99","171","28.99","PG-13","Trailers,Commentaries,Deleted Scenes"
"550","2006","6","2.99","74","22.99","NC-17","Trailers,Commentaries"
"551","2006","3","4.99","138","9.99","PG","Behind the Scenes"
"552","2006","5","0.99","130","15.99","PG","Trailers"
"553","2006","4","0.99","136","12.99","PG-13","Deleted Scenes,Behind the Scenes"
"554","2006","6","2.99","159","22.99","G","Behind the Scenes"
"555","2006","4","0.99","133","25.99","PG","Trailers,Commentaries,Deleted Scenes"
"556","2006","6","4.99","127","26.99","PG-13","Behind the Scenes"
"557","2006","5","2.99","177","27.99","PG","Trailers,Commentaries"
"558","2006","3","2.99","71","18.99","PG-13","Trailers,Commentaries,Deleted Scenes"
"559","2006","7","2.99","114","22.99","G","Behind the Scenes"
"560","2006","6","0.99","62","21.99","NC-17","Commentaries,Deleted Scenes"
"561","2006","6","2.99","123","26.99","NC-17","Commentaries,Deleted Scenes"
"562","2006","6","0.99","151","12.99","PG-13","Commentaries,Behind the Scenes"
"563","2006","6","4.99","165","16.99","R","Commentaries"
"564","2006","4","2.99","161","11.99","PG","Commentaries,Behind the Scenes"
"565","2006","6","4.99","56","9.99","PG-13","Commentaries,Deleted Scenes,Behind the Scenes"
"566","2006","6","0.99","72","20.99","R","Trailers,Behind the Scenes"
"567","2006","3","2.99","80","26.99","G","Trailers"
"568","2006","4","4.99","77","11.99","NC-17","Behind the Scenes"
"569","2006","7","2.99","147","18.99","G","Trailers,Commentaries,Deleted Scenes"
"570","2006","5","4.99","104","20.99","NC-17","Trailers,Behind the Scenes"
"571","2006","6","2.99","161","26.99","PG-13","Trailers,Commentaries,Deleted Scenes"
"572","2006","4","2.99","64","9.99","PG-13","Trailers,Commentaries,Behind the Scenes"
"573","2006","6","2.99","105","22.99","PG-13","Commentaries"
"574","2006","3","0.99","86","19.99","G","Trailers,Deleted Scenes"
"575","2006","3","4.99","48","27.99","G","Trailers,Deleted Scenes"
"576","2006","7","2.99","122","13.99","PG","Behind the Scenes"
"577","2006","4","0.99","64","10.99","PG","Deleted Scenes,Behind the Scenes"
"578","2006","4","4.99","142","16.99","PG-13","Deleted Scenes"
"579","2006","3","4.99","149","22.99","PG-13","Deleted Scenes,Behind the Scenes"
"580","2006","3","4.99","166","12.99","PG-13","Trailers,Deleted Scenes"
"581","2006","4","0.99","59","16.99","G","Trailers"
"582","2006","3","2.99","162","19.99","PG-13","Trailers,Deleted Scenes"
"583","2006","3","4.99","164","26.99","PG-13","Behind the Scenes"
"584","2006","6","2.99","180","26.99","PG-13","Behind the Scenes"
"585","2006","4","0.99","105","25.99","G","Trailers"
"586","2006","4","0.99","60","27.99","PG","Behind the Scenes"
"587","2006","6","4.99","77","20.99","NC-17","Commentaries,Behind the Scenes"
"588","2006","4","4.99","175","11.99","NC-17","Trailers,Commentaries,Behind the Scenes"
"589","2006","3","0.99","74","20.99","PG","Trailers,Commentaries,Deleted Scenes"
"590","2006","3","2.99","135","17.99","PG","Trailers,Commentaries"
"591","2006","6","4.99","182","20.99","PG","Commentaries,Behind the Scenes"
"592","2006","6","2.99","107","28.99","PG","Commentaries,Behind the Scenes"
"593","2006","6","0.99","158","13.99","G","Trailers,Commentaries"
"594","2006","6","0.99","126","22.99","NC-17","Trailers"
"595","2006","7","0.99","83","20.99","PG","Deleted Scenes,Behind the Scenes"
"596","2006","4","4.99","171","25.99","PG-13","Behind the Scenes"
"597","2006","5","4.99","184","12.99","G","Trailers,Deleted Scenes"
"598","2006","6","0.99","57","22.99","G","Trailers"
"599","2006","3","0.99","103","20.99","R","Trailers,Commentaries"
"600","2006","5","0.99","166","16.99","PG","Trailers,Commentaries,Behind the Scenes"
"601","2006","4","0.99","79","20.99","PG-13","Trailers"
"602","2006","5","0.99","146","14.99","PG","Trailers,Commentaries,Deleted Scenes,Behind the Scenes"
"603","2006","6","4.99","53","27.99","PG","Commentaries,Deleted Scenes,Behind the Scenes"
"604","2006","4","0.99","160","10.99","G","Behind the Scenes"
"605","2006","7","2.99","157","13.99","PG","Trailers,Deleted Scenes,Behind the Scenes"
"606","2006","3","0.99","160","15.99","NC-17","Trailers,Behind the Scenes"
"607","2006","5","4.99","50","18.99","PG","Trailers,Deleted Scenes"
"608","2006","6","2.99","166","11.99","PG","Trailers,Deleted Scenes,Behind the Scenes"
"609","2006","7","2.99","185","23.99","G","Deleted Scenes"
"610","2006","7","0.99","129","17.99","R","Trailers,Commentaries,Behind the Scenes"
"611","2006","7","4.99","73","17.99","PG","Deleted Scenes,Behind the Scenes"
"612","2006","6","2.99","180","10.99","G","Deleted Scenes,Behind the Scenes"
"613","2006","5","0.99","92","19.99","NC-17","Commentaries,Behind the Scenes"
"614","2006","5","4.99","178","11.99","PG-13","Trailers,Commentaries,Behind the Scenes"
"615","2006","6","2.99","180","21.99","PG-13","Commentaries,Behind the Scenes"
"616","2006","4","2.99","92","19.99","NC-17","Trailers"
"617","2006","4","0.99","50","24.99","PG-13","Commentaries,Deleted Scenes"
"618","2006","3","0.99","132","21.99","PG","Trailers,Commentaries,Behind the Scenes"
"619","2006","3","0.99","161","20.99","R","Trailers,Commentaries,Deleted Scenes"
"620","2006","5","2.99","131","23.99","NC-17","Trailers"
"621","2006","5","2.99","75","23.99","PG-13","Commentaries,Deleted Scenes,Behind the Scenes"
"622","2006","4","0.99","159","25.99","G","Trailers,Deleted Scenes"
"623","2006","4","0.99","75","9.99","PG","Trailers,Commentaries,Deleted Scenes,Behind the Scenes"
"624","2006","3","4.99","149","25.99","PG","Trailers,Deleted Scenes,Behind the Scenes"
"625","2006","3","0.99","83","18.99","NC-17","Trailers,Commentaries"
"626","2006","5","2.99","57","12.99","G","Behind the Scenes"
"627","2006","4","4.99","67","9.99","NC-17","Commentaries,Deleted Scenes,Behind the Scenes"
"628","2006","5","2.99","172","24.99","PG","Trailers"
"629","2006","7","0.99","128","9.99","NC-17","Trailers,Commentaries,Deleted Scenes"
"630","2006","7","0.99","48","19.99","PG-13","Trailers,Commentaries"
"631","2006","4","0.99","64","11.99","G","Trailers,Commentaries,Deleted Scenes"
"632","2006","5","4.99","145","10.99","NC-17","Trailers,Behind the Scenes"
"633","2006","6","4.99","54","10.99","PG-13","Trailers,Commentaries,Behind the Scenes"
"634","2006","6","0.99","48","14.99","NC-17","Trailers,Commentaries,Behind the Scenes"
"635","2006","7","0.99","58","15.99","PG","Behind the Scenes"
"636","2006","5","0.99","161","12.99","PG","Commentaries,Deleted Scenes"
"637","2006","7","4.99","131","16.99","PG","Trailers,Commentaries"
"638","2006","7","2.99","156","23.99","G","Trailers,Commentaries,Deleted Scenes,Behind the Scenes"
"639","2006","7","4.99","92","9.99","PG","Deleted Scenes"
"640","2006","5","4.99","102","21.99","R","Commentaries,Deleted Scenes"
"641","2006","4","0.99","76","21.99","PG-13","Trailers,Commentaries"
"642","2006","7","2.99","120","13.99","PG-13","Deleted Scenes,Behind the Scenes"
"643","2006","3","2.99","118","22.99","R","Commentaries,Deleted Scenes"
"644","2006","7","2.99","115","29.99","PG","Behind the Scenes"
"645","2006","7","2.99","118","18.99","PG","Deleted Scenes"
"646","2006","6","0.99","169","12.99","NC-17","Trailers,Deleted Scenes,Behind the Scenes"
"647","2006","4","0.99","129","18.99","NC-17","Trailers,Deleted Scenes"
"648","2006","7","4.99","148","17.99","PG-13","Trailers,Commentaries"
"649","2006","4","2.99","85","14.99","R","Commentaries,Deleted Scenes,Behind the Scenes"
"650","2006","3","0.99","144","27.99","G","Trailers,Commentaries,Deleted Scenes,Behind the Scenes"
"651","2006","3","0.99","84","20.99","PG-13","Trailers"
"652","2006","3","0.99","126","14.99","R","Trailers,Deleted Scenes"
"653","2006","3","4.99","102","15.99","G","Commentaries,Deleted Scenes"
"654","2006","4","4.99","93","19.99","G","Trailers,Commentaries,Deleted Scenes,Behind the Scenes"
"655","2006","5","4.99","109","22.99","NC-17","Deleted Scenes,Behind the Scenes"
"656","2006","3","0.99","128","9.99","PG","Trailers,Deleted Scenes,Behind the Scenes"
"657","2006","5","2.99","48","12.99","PG-13","Commentaries,Deleted Scenes,Behind the Scenes"
"658","2006","7","2.99","121","19.99","PG-13","Trailers,Commentaries,Deleted Scenes,Behind the Scenes"
"659","2006","3","4.99","109","14.99","PG-13","Trailers,Deleted Scenes"
"660","2006","7","2.99","107","11.99","PG","Trailers,Behind the Scenes"
"661","2006","5","4.99","157","17.99","PG-13","Trailers,Deleted Scenes,Behind the Scenes"
"662","2006","3","4.99","118","9.99","PG","Trailers,Behind the Scenes"
"663","2006","7","0.99","99","29.99","NC-17","Trailers,Commentaries"
"664","2006","6","2.99","65","12.99","PG","Trailers,Deleted Scenes"
"665","2006","4","2.99","175","22.99","PG","Commentaries"
"666","2006","4","4.99","145","27.99","PG-13","Commentaries,Deleted Scenes"
"667","2006","3","2.99","160","20.99","PG-13","Commentaries,Behind the Scenes"
"668","2006","7","4.99","80","25.99","PG","Trailers,Commentaries,Deleted Scenes,Behind the Scenes"
"669","2006","3","2.99","74","10.99","NC-17","Trailers"
"670","2006","4","4.99","48","17.99","PG","Commentaries,Deleted Scenes"
"671","2006","7","4.99","99","27.99","NC-17","Trailers,Behind the Scenes"
"672","2006","7","2.99","82","17.99","PG-13","Commentaries,Deleted Scenes,Behind the Scenes"
"673","2006","3","0.99","118","19.99","PG-13","Deleted Scenes,Behind the Scenes"
"674","2006","3","0.99","99","11.99","PG","Trailers,Commentaries"
"675","2006","6","2.99","60","17.99","NC-17","Commentaries,Behind the Scenes"
"676","2006","7","4.99","137","16.99","PG-13","Trailers,Commentaries,Deleted Scenes"
"677","2006","6","0.99","136","25.99","NC-17","Trailers,Commentaries,Deleted Scenes"
"678","2006","3","2.99","77","23.99","G","Trailers,Commentaries,Deleted Scenes,Behind the Scenes"
"679","2006","6","2.99","50","17.99","PG","Trailers,Deleted Scenes"
"680","2006","4","4.99","103","21.99","PG","Commentaries,Behind the Scenes"
"681","2006","4","0.99","100","20.99","PG","Commentaries,Deleted Scenes"
"682","2006","4","4.99","134","17.99","PG-13","Trailers,Deleted Scenes,Behind the Scenes"
"683","2006","5","4.99","60","19.99","NC-17","Commentaries"
"684","2006","4","2.99","173","11.99","NC-17","Commentaries"
"685","2006","6","4.99","132","10.99","PG-13","Trailers,Commentaries"
"686","2006","5","4.99","84","9.99","R","Behind the Scenes"
"687","2006","6","0.99","138","15.99","NC-17","Commentaries,Deleted Scenes,Behind the Scenes"
"688","2006","6","0.99","61","12.99","PG","Trailers,Commentaries,Deleted Scenes,Behind the Scenes"
"689","2006","5","2.99","137","14.99","PG","Commentaries"
"690","2006","7","2.99","185","25.99","PG-13","Trailers,Commentaries,Behind the Scenes"
"691","2006","6","4.99","159","29.99","PG-13","Commentaries"
"692","2006","3","2.99","179","10.99","G","Behind the Scenes"
"693","2006","5","2.99","115","16.99","PG","Trailers,Commentaries"
"694","2006","6","4.99","98","15.99","PG-13","Trailers,Commentaries,Deleted Scenes"
"695","2006","6","4.99","144","12.99","PG","Behind the Scenes"
"696","2006","6","0.99","114","20.99","NC-17","Deleted Scenes"
"697","2006","7","0.99","53","16.99","G","Trailers,Deleted Scenes,Behind the Scenes"
"698","2006","3","2.99","71","29.99","NC-17","Trailers,Deleted Scenes"
"699","2006","7","4.99","106","26.99","PG","Trailers"
"700","2006","4","2.99","115","13.99","R","Trailers,Deleted Scenes"
"701","2006","5","2.99","155","11.99","PG-13","Behind the Scenes"
"702","2006","4","2.99","89","12.99","G","Trailers,Behind the Scenes"
"703","2006","6","4.99","100","18.99","PG","Trailers,Commentaries,Deleted Scenes"
"704","2006","3","2.99","121","25.99","NC-17","Trailers,Deleted Scenes"
"705","2006","4","2.99","88","9.99","R","Commentaries,Deleted Scenes"
"706","2006","5","4.99","163","22.99","PG","Commentaries,Deleted Scenes,Behind the Scenes"
"707","2006","5","2.99","177","29.99","R","Behind the Scenes"
"708","2006","4","4.99","112","19.99","R","Trailers,Behind the Scenes"
"709","2006","7","2.99","147","19.99","NC-17","Trailers,Commentaries,Deleted Scenes"
"710","2006","4","4.99","120","18.99","R","Trailers,Behind the Scenes"
"711","2006","4","4.99","154","18.99","R","Commentaries,Deleted Scenes"
"712","2006","4","0.99","82","11.99","PG-13","Deleted Scenes"
"713","2006","3","4.99","74","14.99","PG","Trailers,Commentaries,Deleted Scenes,Behind the Scenes"
"714","2006","6","2.99","73","29.99","NC-17","Trailers"
"715","2006","3","4.99","147","25.99","PG","Trailers,Commentaries,Deleted Scenes"
"716","2006","6","2.99","136","26.99","PG-13","Trailers,Commentaries"
"717","2006","6","0.99","97","23.99","NC-17","Trailers,Commentaries,Deleted Scenes"
"718","2006","7","0.99","73","24.99","G","Trailers,Behind the Scenes"
"719","2006","7","4.99","182","11.99","PG","Behind the Scenes"
"720","2006","3","2.99","179","20.99","NC-17","Trailers,Deleted Scenes,Behind the Scenes"
"721","2006","7","4.99","182","23.99","PG-13","Trailers,Behind the Scenes"
"722","2006","5","0.99","123","26.99","NC-17","Behind the Scenes"
"723","2006","3","2.99","82","29.99","PG-13","Deleted Scenes,Behind the Scenes"
"724","2006","5","2.99","110","15.99","R","Trailers,Commentaries"
"725","2006","6","4.99","167","25.99","R","Trailers,Commentaries,Behind the Scenes"
"726","2006","7","2.99","61","29.99","PG-13","Commentaries"
"727","2006","6","0.99","117","12.99","PG","Trailers,Deleted Scenes"
"728","2006","3","0.99","63","26.99","R","Commentaries"
"729","2006","5","2.99","177","28.99","PG","Commentaries,Behind the Scenes"
"730","2006","3","0.99","46","28.99","PG-13","Commentaries,Deleted Scenes,Behind the Scenes"
"731","2006","7","4.99","153","29.99","PG-13","Trailers,Commentaries,Deleted Scenes"
"732","2006","5","0.99","58","17.99","G","Trailers,Commentaries,Behind the Scenes"
"733","2006","4","0.99","149","29.99","PG-13","Commentaries"
"734","2006","4","4.99","158","12.99","R","Behind the Scenes"
"735","2006","7","2.99","102","26.99","PG-13","Commentaries"
"736","2006","4","0.99","134","21.99","R","Trailers"
"737","2006","4","0.99","102","28.99","G","Trailers,Commentaries,Deleted Scenes,Behind the Scenes"
"738","2006","3","0.99","178","27.99","PG-13","Deleted Scenes,Behind the Scenes"
"739","2006","4","4.99","145","17.99","PG-13","Trailers,Commentaries,Behind the Scenes"
"740","2006","5","2.99","153","13.99","PG-13","Trailers,Commentaries,Deleted Scenes"
"741","2006","7","0.99","81","28.99","NC-17","Trailers"
"742","2006","7","0.99","101","25.99","R","Deleted Scenes,Behind the Scenes"
"743","2006","7","0.99","60","27.99","PG","Trailers,Deleted Scenes,Behind the Scenes"
"744","2006","4","0.99","89","23.99","PG-13","Commentaries,Deleted Scenes,Behind the Scenes"
"745","2006","5","4.99","162","23.99","PG-13","Commentaries,Deleted Scenes,Behind the Scenes"
"746","2006","3","0.99","118","10.99","NC-17","Commentaries,Deleted Scenes,Behind the Scenes"
"747","2006","5","0.99","171","9.99","R","Deleted Scenes,Behind the Scenes"
"748","2006","4","0.99","109","16.99","PG-13","Trailers,Commentaries,Deleted Scenes,Behind the Scenes"
"749","2006","6","4.99","153","19.99","R","Deleted Scenes,Behind the Scenes"
"750","2006","3","0.99","145","25.99","R","Commentaries,Deleted Scenes,Behind the Scenes"
"751","2006","6","0.99","181","17.99","NC-17","Commentaries"
"752","2006","6","0.99","101","27.99","NC-17","Commentaries,Deleted Scenes,Behind the Scenes"
"753","2006","3","0.99","48","20.99","PG","Deleted Scenes"
"754","2006","6","2.99","150","17.99","PG-13","Trailers,Commentaries,Deleted Scenes"
"755","2006","5","4.99","99","11.99","PG","Trailers,Behind the Scenes"
"756","2006","7","2.99","80","10.99","PG-13","Trailers,Deleted Scenes"
"757","2006","4","2.99","106","28.99","G","Trailers"
"758","2006","5","2.99","125","11.99","G","Deleted Scenes"
"759","2006","4","2.99","73","29.99","R","Trailers,Commentaries,Deleted Scenes,Behind the Scenes"
"760","2006","5","2.99","110","21.99","G","Commentaries"
"761","2006","7","2.99","154","23.99","PG","Commentaries,Behind the Scenes"
"762","2006","6","0.99","154","29.99","G","Deleted Scenes,Behind the Scenes"
"763","2006","3","4.99","75","26.99","G","Commentaries,Deleted Scenes,Behind the Scenes"
"764","2006","3","4.99","150","28.99","G","Commentaries,Deleted Scenes"
"765","2006","7","4.99","182","18.99","R","Trailers,Commentaries,Deleted Scenes,Behind the Scenes"
"766","2006","5","0.99","84","25.99","PG-13","Commentaries,Deleted Scenes,Behind the Scenes"
"767","2006","6","4.99","183","13.99","NC-17","Commentaries,Behind the Scenes"
"768","2006","3","4.99","102","11.99","PG-13","Commentaries,Deleted Scenes"
"769","2006","5","4.99","151","21.99","PG-13","Trailers"
"770","2006","5","2.99","147","13.99","G","Commentaries,Deleted Scenes,Behind the Scenes"
"771","2006","3","4.99","137","23.99","NC-17","Commentaries,Deleted Scenes"
"772","2006","4","2.99","80","24.99","PG","Deleted Scenes"
"773","2006","6","2.99","112","28.99","NC-17","Commentaries,Deleted Scenes,Behind the Scenes"
"774","2006","3","2.99","182","22.99","NC-17","Trailers,Commentaries,Deleted Scenes,Behind the Scenes"
"775","2006","4","4.99","110","18.99","PG-13","Trailers"
"776","2006","6","4.99","90","11.99","PG","Commentaries,Deleted Scenes"
"777","2006","5","4.99","158","10.99","PG","Commentaries,Behind the Scenes"
"778","2006","3","4.99","109","24.99","G","Trailers,Commentaries"
"779","2006","4","4.99","54","23.99","R","Deleted Scenes,Behind the Scenes"
"780","2006","7","4.99","98","15.99","PG","Behind the Scenes"
"781","2006","4","4.99","127","15.99","R","Deleted Scenes"
"782","2006","6","2.99","60","26.99","PG-13","Commentaries,Behind the Scenes"
"783","2006","5","2.99","93","22.99","PG","Commentaries,Deleted Scenes"
"784","2006","7","2.99","47","20.99","PG","Commentaries,Deleted Scenes,Behind the Scenes"
"785","2006","6","4.99","80","20.99","PG","Commentaries,Deleted Scenes"
"786","2006","7","0.99","113","14.99","R","Deleted Scenes"
"787","2006","4","0.99","125","12.99","G","Trailers,Commentaries,Deleted Scenes,Behind the Scenes"
"788","2006","5","2.99","104","15.99","R","Commentaries"
"789","2006","7","2.99","79","15.99","PG-13","Trailers,Commentaries,Behind the Scenes"
"790","2006","6","0.99","67","22.99","PG-13","Trailers"
"791","2006","3","4.99","167","24.99","PG-13","Deleted Scenes"
"792","2006","7","2.99","154","15.99","PG-13","Commentaries"
"793","2006","6","2.99","139","14.99","R","Trailers,Deleted Scenes,Behind the Scenes"
"794","2006","5","0.99","52","28.99","G","Deleted Scenes,Behind the Scenes"
"795","2006","7","0.99","111","23.99","R","Trailers,Deleted Scenes"
"796","2006","3","0.99","135","12.99","NC-17","Commentaries,Deleted Scenes"
"797","2006","7","0.99","67","23.99","R","Trailers,Deleted Scenes,Behind the Scenes"
"798","2006","4","4.99","74","11.99","PG","Trailers,Commentaries"
"799","2006","3","0.99","51","26.99","NC-17","Trailers,Commentaries"
"800","2006","7","2.99","126","19.99","PG-13","Trailers,Commentaries,Deleted Scenes"
"801","2006","5","4.99","152","19.99","PG-13","Trailers,Behind the Scenes"
"802","2006","7","2.99","132","15.99","PG","Trailers,Commentaries,Deleted Scenes"
"803","2006","7","4.99","179","29.99","R","Trailers,Commentaries,Behind the Scenes"
"804","2006","7","4.99","129","13.99","PG-13","Trailers,Commentaries"
"805","2006","5","4.99","64","12.99","G","Trailers,Deleted Scenes,Behind the Scenes"
"806","2006","4","2.99","137","25.99","PG","Trailers,Commentaries,Deleted Scenes"
"807","2006","4","0.99","87","25.99","NC-17","Deleted Scenes,Behind the Scenes"
"808","2006","5","0.99","84","10.99","R","Behind the Scenes"
"809","2006","5","0.99","156","14.99","PG-13","Trailers,Deleted Scenes"
"810","2006","5","0.99","147","21.99","PG","Commentaries,Deleted Scenes,Behind the Scenes"
"811","2006","4","2.99","60","29.99","G","Commentaries,Behind the Scenes"
"812","2006","7","0.99","50","13.99","PG-13","Behind the Scenes"
"813","2006","7","0.99","184","18.99","R","Behind the Scenes"
"814","2006","6","4.99","110","15.99","PG","Commentaries"
"815","2006","4","2.99","74","14.99","PG-13","Commentaries"
"816","2006","3","0.99","62","27.99","G","Trailers"
"817","2006","7","4.99","185","27.99","R","Trailers,Commentaries,Deleted Scenes,Behind the Scenes"
"818","2006","4","4.99","180","17.99","NC-17","Commentaries,Behind the Scenes"
"819","2006","3","0.99","165","29.99","PG-13","Trailers,Deleted Scenes"
"820","2006","3","2.99","184","11.99","NC-17","Commentaries,Behind the Scenes"
"821","2006","6","0.99","184","17.99","NC-17","Trailers,Deleted Scenes"
"822","2006","6","0.99","169","12.99","R","Behind the Scenes"
"823","2006","4","2.99","143","21.99","R","Commentaries,Behind the Scenes"
"824","2006","4","4.99","52","19.99","NC-17","Deleted Scenes,Behind the Scenes"
"825","2006","6","2.99","165","22.99","PG-13","Deleted Scenes,Behind the Scenes"
"826","2006","7","4.99","124","19.99","PG-13","Commentaries,Behind the Scenes"
"827","2006","5","4.99","141","22.99","NC-17","Trailers,Commentaries,Deleted Scenes,Behind the Scenes"
"828","2006","7","2.99","79","12.99","G","Trailers,Deleted Scenes,Behind the Scenes"
"829","2006","7","2.99","138","12.99","PG-13","Commentaries,Deleted Scenes"
"830","2006","7","0.99","149","23.99","R","Commentaries,Deleted Scenes"
"831","2006","5","0.99","138","20.99","PG-13","Commentaries,Behind the Scenes"
"832","2006","5","0.99","175","16.99","PG","Trailers,Commentaries,Deleted Scenes,Behind the Scenes"
"833","2006","5","0.99","134","20.99","R","Trailers,Commentaries,Deleted Scenes,Behind the Scenes"
"834","2006","4","0.99","151","26.99","G","Trailers,Commentaries,Deleted Scenes,Behind the Scenes"
"835","2006","6","2.99","112","13.99","PG-13","Trailers,Commentaries,Deleted Scenes,Behind the Scenes"
"836","2006","3","2.99","136","14.99","PG","Commentaries,Deleted Scenes,Behind the Scenes"
"837","2006","4","2.99","85","19.99","PG","Commentaries,Behind the Scenes"
"838","2006","5","4.99","112","25.99","R","Trailers,Deleted Scenes"
"839","2006","5","0.99","130","23.99","PG-13","Deleted Scenes,Behind the Scenes"
"840","2006","5","0.99","75","26.99","R","Commentaries,Deleted Scenes,Behind the Scenes"
"841","2006","5","2.99","181","9.99","PG","Commentaries"
"842","2006","4","2.99","113","13.99","NC-17","Trailers,Commentaries,Deleted Scenes,Behind the Scenes"
"843","2006","4","4.99","143","15.99","NC-17","Commentaries,Deleted Scenes"
"844","2006","6","4.99","140","16.99","PG","Trailers,Commentaries,Deleted Scenes,Behind the Scenes"
"845","2006","7","4.99","48","9.99","NC-17","Deleted Scenes,Behind the Scenes"
"846","2006","3","4.99","93","9.99","NC-17","Commentaries,Deleted Scenes,Behind the Scenes"
"847","2006","7","2.99","160","10.99","PG","Commentaries"
"848","2006","3","0.99","94","19.99","G","Trailers"
"849","2006","6","0.99","57","28.99","NC-17","Trailers,Commentaries,Behind the Scenes"
"850","2006","7","0.99","163","27.99","R","Trailers,Behind the Scenes"
"851","2006","3","0.99","151","19.99","R","Commentaries,Behind the Scenes"
"852","2006","4","0.99","103","27.99","NC-17","Trailers,Commentaries,Deleted Scenes"
"853","2006","3","4.99","139","12.99","G","Commentaries,Deleted Scenes"
"854","2006","4","4.99","119","22.99","R","Trailers,Behind the Scenes"
"855","2006","7","0.99","132","28.99","PG-13","Trailers,Behind the Scenes"
"856","2006","5","4.99","73","11.99","R","Commentaries"
"857","2006","3","2.99","144","24.99","PG-13","Commentaries,Deleted Scenes,Behind the Scenes"
"858","2006","5","4.99","127","21.99","R","Trailers"
"859","2006","3","4.99","114","20.99","PG","Trailers,Commentaries,Behind the Scenes"
"860","2006","4","4.99","93","13.99","G","Deleted Scenes"
"861","2006","3","4.99","111","12.99","R","Commentaries"
"862","2006","5","0.99","53","25.99","G","Deleted Scenes,Behind the Scenes"
"863","2006","5","0.99","141","9.99","R","Trailers,Behind the Scenes"
"864","2006","5","0.99","92","21.99","NC-17","Commentaries,Behind the Scenes"
"865","2006","3","4.99","135","19.99","PG-13","Behind the Scenes"
"866","2006","6","0.99","48","28.99","NC-17","Commentaries,Behind the Scenes"
"867","2006","5","4.99","58","10.99","PG","Trailers,Commentaries,Behind the Scenes"
"868","2006","5","0.99","114","27.99","PG","Commentaries,Behind the Scenes"
"869","2006","4","2.99","47","22.99","PG","Trailers"
"870","2006","4","0.99","123","12.99","PG-13","Trailers,Commentaries"
"871","2006","6","4.99","176","19.99","PG","Deleted Scenes,Behind the Scenes"
"872","2006","3","2.99","185","27.99","R","Deleted Scenes"
"873","2006","3","0.99","108","13.99","G","Trailers,Commentaries,Deleted Scenes,Behind the Scenes"
"874","2006","6","2.99","155","13.99","PG","Trailers,Commentaries"
"875","2006","6","0.99","173","9.99","PG","Commentaries,Deleted Scenes,Behind the Scenes"
"876","2006","3","2.99","91","11.99","PG-13","Trailers"
"877","2006","4","0.99","64","23.99","PG-13","Commentaries,Deleted Scenes"
"878","2006","3","4.99","74","25.99","G","Trailers,Deleted Scenes,Behind the Scenes"
"879","2006","3","4.99","148","20.99","PG","Commentaries"
"880","2006","6","2.99","152","9.99","PG-13","Trailers,Commentaries,Deleted Scenes,Behind the Scenes"
"881","2006","5","4.99","71","13.99","PG","Commentaries,Deleted Scenes"
"882","2006","4","0.99","99","24.99","PG-13","Trailers,Commentaries"
"883","2006","6","4.99","53","17.99","PG","Commentaries,Behind the Scenes"
"884","2006","5","4.99","88","11.99","R","Trailers,Deleted Scenes,Behind the Scenes"
"885","2006","7","0.99","179","22.99","NC-17","Trailers"
"886","2006","5","0.99","184","9.99","PG-13","Deleted Scenes,Behind the Scenes"
"887","2006","5","4.99","135","28.99","PG-13","Deleted Scenes,Behind the Scenes"
"888","2006","5","4.99","53","9.99","PG-13","Behind the Scenes"
"889","2006","3","4.99","111","28.99","R","Deleted Scenes"
"890","2006","5","0.99","172","14.99","R","Trailers,Behind the Scenes"
"891","2006","3","0.99","69","13.99","G","Commentaries"
"892","2006","3","4.99","104","18.99","R","Trailers,Commentaries,Deleted Scenes,Behind the Scenes"
"893","2006","4","4.99","91","11.99","PG","Behind the Scenes"
"894","2006","6","0.99","68","23.99","PG","Behind the Scenes"
"895","2006","3","2.99","142","21.99","R","Commentaries"
"896","2006","3","0.99","157","10.99","PG","Commentaries,Deleted Scenes,Behind the Scenes"
"897","2006","3","4.99","179","27.99","G","Trailers,Commentaries"
"898","2006","4","4.99","152","18.99","PG-13","Deleted Scenes"
"899","2006","7","0.99","144","14.99","NC-17","Commentaries,Behind the Scenes"
"900","2006","6","2.99","136","17.99","R","Behind the Scenes"
"901","2006","3","0.99","142","29.99","G","Trailers,Commentaries,Behind the Scenes"
"902","2006","6","4.99","170","22.99","PG","Trailers,Deleted Scenes,Behind the Scenes"
"903","2006","5","4.99","139","13.99","G","Trailers,Commentaries"
"904","2006","3","4.99","71","26.99","R","Trailers,Deleted Scenes"
"905","2006","7","4.99","132","10.99","PG-13","Trailers"
"906","2006","4","0.99","171","27.99","PG","Deleted Scenes"
"907","2006","4","0.99","168","10.99","PG-13","Trailers"
"908","2006","3","4.99","110","11.99","G","Commentaries,Behind the Scenes"
"909","2006","3","0.99","102","28.99","PG-13","Trailers,Commentaries,Deleted Scenes,Behind the Scenes"
"910","2006","3","0.99","87","19.99","PG","Trailers,Deleted Scenes,Behind the Scenes"
"911","2006","7","4.99","64","14.99","PG-13","Commentaries,Deleted Scenes"
"912","2006","3","2.99","52","9.99","PG","Commentaries,Deleted Scenes"
"913","2006","3","0.99","115","20.99","R","Deleted Scenes,Behind the Scenes"
"914","2006","6","2.99","61","13.99","PG","Trailers,Commentaries,Behind the Scenes"
"915","2006","7","4.99","92","9.99","G","Trailers,Commentaries"
"916","2006","3","2.99","80","10.99","G","Commentaries,Behind the Scenes"
"917","2006","3","2.99","152","24.99","R","Commentaries,Deleted Scenes,Behind the Scenes"
"918","2006","4","4.99","152","23.99","PG","Trailers,Commentaries,Deleted Scenes"
"919","2006","3","4.99","82","17.99","G","Trailers,Commentaries,Deleted Scenes"
"920","2006","3","0.99","62","16.99","G","Deleted Scenes,Behind the Scenes"
"921","2006","7","2.99","172","29.99","PG-13","Trailers,Commentaries,Behind the Scenes"
"922","2006","7","4.99","107","22.99","PG-13","Commentaries"
"923","2006","7","2.99","78","12.99","R","Commentaries,Deleted Scenes"
"924","2006","7","0.99","129","15.99","PG","Trailers,Commentaries,Behind the Scenes"
"925","2006","3","0.99","164","27.99","R","Trailers,Deleted Scenes"
"926","2006","5","2.99","120","11.99","NC-17","Trailers,Deleted Scenes"
"927","2006","6","2.99","174","16.99","NC-17","Trailers,Behind the Scenes"
"928","2006","5","2.99","84","16.99","PG","Commentaries"
"929","2006","5","4.99","128","21.99","PG-13","Trailers,Commentaries,Behind the Scenes"
"930","2006","4","2.99","145","23.99","R","Commentaries"
"931","2006","7","0.99","48","9.99","PG-13","Trailers,Behind the Scenes"
"932","2006","3","0.99","73","21.99","G","Commentaries,Deleted Scenes"
"933","2006","4","4.99","126","11.99","NC-17","Trailers,Commentaries"
"934","2006","7","4.99","122","20.99","NC-17","Deleted Scenes,Behind the Scenes"
"935","2006","5","0.99","142","17.99","R","Trailers,Commentaries,Deleted Scenes"
"936","2006","3","2.99","123","21.99","NC-17","Trailers,Commentaries,Behind the Scenes"
"937","2006","7","2.99","85","14.99","NC-17","Commentaries,Deleted Scenes"
"938","2006","3","4.99","173","14.99","R","Behind the Scenes"
"939","2006","4","2.99","90","17.99","R","Commentaries,Behind the Scenes"
"940","2006","6","0.99","64","19.99","PG-13","Trailers,Behind the Scenes"
"941","2006","4","4.99","145","10.99","NC-17","Commentaries,Deleted Scenes,Behind the Scenes"
"942","2006","7","0.99","174","27.99","PG-13","Deleted Scenes,Behind the Scenes"
"943","2006","4","4.99","76","27.99","PG-13","Trailers,Commentaries"
"944","2006","6","4.99","179","29.99","PG-13","Trailers,Behind the Scenes"
"945","2006","5","0.99","164","22.99","R","Deleted Scenes"
"946","2006","3","4.99","144","14.99","NC-17","Commentaries,Deleted Scenes"
"947","2006","5","0.99","59","16.99","PG-13","Commentaries,Deleted Scenes"
"948","2006","6","0.99","139","22.99","PG-13","Commentaries,Behind the Scenes"
"949","2006","6","0.99","157","27.99","NC-17","Trailers,Commentaries,Deleted Scenes,Behind the Scenes"
"950","2006","7","4.99","132","12.99","PG","Commentaries"
"951","2006","6","0.99","78","28.99","PG-13","Commentaries,Behind the Scenes"
"952","2006","7","2.99","152","17.99","PG","Deleted Scenes,Behind the Scenes"
"953","2006","3","0.99","112","9.99","PG-13","Trailers"
"954","2006","7","4.99","73","18.99","G","Trailers,Commentaries,Deleted Scenes,Behind the Scenes"
"955","2006","7","4.99","135","19.99","PG","Trailers,Behind the Scenes"
"956","2006","7","4.99","107","23.99","PG-13","Commentaries,Deleted Scenes,Behind the Scenes"
"957","2006","7","4.99","80","26.99","G","Deleted Scenes,Behind the Scenes"
"958","2006","6","2.99","178","19.99","G","Trailers,Commentaries"
"959","2006","6","2.99","83","10.99","G","Commentaries,Behind the Scenes"
"960","2006","5","2.99","128","15.99","G","Commentaries,Behind the Scenes"
"961","2006","7","4.99","161","22.99","R","Commentaries"
"962","2006","7","2.99","85","18.99","PG","Trailers,Deleted Scenes,Behind the Scenes"
"963","2006","5","0.99","78","12.99","PG","Trailers,Deleted Scenes,Behind the Scenes"
"964","2006","4","4.99","61","17.99","G","Behind the Scenes"
"965","2006","6","0.99","112","28.99","G","Commentaries"
"966","2006","3","0.99","70","14.99","PG","Trailers"
"967","2006","5","2.99","134","26.99","R","Trailers,Commentaries,Deleted Scenes,Behind the Scenes"
"968","2006","6","4.99","79","19.99","G","Trailers,Behind the Scenes"
"969","2006","4","4.99","159","29.99","G","Trailers"
"970","2006","7","0.99","52","11.99","NC-17","Commentaries,Deleted Scenes"
"971","2006","4","4.99","109","11.99","PG-13","Commentaries,Deleted Scenes,Behind the Scenes"
"972","2006","4","4.99","59","24.99","PG-13","Trailers,Deleted Scenes"
"973","2006","3","4.99","183","27.99","NC-17","Deleted Scenes,Behind the Scenes"
"974","2006","4","0.99","181","24.99","R","Trailers,Commentaries,Deleted Scenes,Behind the Scenes"
"975","2006","6","2.99","137","22.99","R","Trailers,Commentaries,Behind the Scenes"
"976","2006","6","0.99","111","12.99","R","Commentaries,Deleted Scenes"
"977","2006","3","2.99","85","25.99","R","Deleted Scenes,Behind the Scenes"
"978","2006","3","0.99","98","12.99","R","Deleted Scenes,Behind the Scenes"
"979","2006","6","4.99","100","10.99","NC-17","Commentaries,Behind the Scenes"
"980","2006","4","4.99","75","12.99","PG","Commentaries,Deleted Scenes,Behind the Scenes"
"981","2006","7","0.99","55","13.99","NC-17","Behind the Scenes"
"982","2006","4","0.99","126","23.99","R","Deleted Scenes,Behind the Scenes"
"983","2006","7","2.99","105","18.99","PG","Behind the Scenes"
"984","2006","3","2.99","126","20.99","NC-17","Commentaries"
"985","2006","4","4.99","111","19.99","PG","Commentaries"
"986","2006","6","2.99","85","24.99","NC-17","Trailers,Commentaries"
"987","2006","3","2.99","116","13.99","PG","Trailers,Commentaries,Deleted Scenes"
"988","2006","7","2.99","139","26.99","R","Trailers,Commentaries,Behind the Scenes"
"989","2006","4","4.99","74","22.99","R","Commentaries,Deleted Scenes"
"990","2006","3","0.99","171","13.99","PG-13","Trailers,Behind the Scenes"
"991","2006","4","2.99","185","26.99","PG","Deleted Scenes,Behind the Scenes"
"992","2006","5","0.99","176","17.99","NC-17","Trailers,Commentaries"
"993","2006","6","2.99","178","10.99","PG-13","Trailers,Behind the Scenes"
"994","2006","6","4.99","100","29.99","PG-13","Deleted Scenes"
"995","2006","5","4.99","86","11.99","R","Trailers,Commentaries,Deleted Scenes"
"996","2006","6","0.99","183","9.99","G","Trailers,Behind the Scenes"
"997","2006","4","0.99","179","14.99","NC-17","Trailers,Behind the Scenes"
"998","2006","6","0.99","105","10.99","NC-17","Deleted Scenes"
"999","2006","5","2.99","101","28.99","R","Trailers,Deleted Scenes"
"1000","2006","3","4.99","50","18.99","NC-17","Trailers,Commentaries,Behind the Scenes"
